spam,w1,w2,w3,w4,w5,w6
0,calendar,marketing,opt,easy,SEO,social
0,forward,graduation,order,hey,name,name
0,calendar,group,forward,realize,forward,read
0,graduation,strategy,don't,group,easy,might
0,check,funding,strategy,email,easy,summary
0,check,out,out,opt,schedule,act
1,details,free,hacking,order,mental,dental
0,dear,forward,realize,forward,schedule,email
0,schedule,archive,draft,marketing,email,dear
0,order,summary,draft,easy,easy,group
0,strategy,details,health,group,email,check
0,schedule,read,calendar,easy,archive,interview
0,get,marketing,interview,order,automation,strategy
0,hey,application,sometimes,check,status,don't
0,draft,strategy,draft,forward,sometimes,archive
0,hey,dental,realize,summary,archive,boss
0,dear,schedule,realize,easy,interview,easy
0,draft,draft,email,hacking,realize,growth
0,forward,profits,out,summary,realize,marketing
0,archive,bucks,group,dental,automation,draft
1,dental,details,out,get,SEO,get
1,now,strategy,health,software,dear,now
0,forward,group,strategy,dear,status,realize
0,easy,growth,act,automation,act,marketing
0,automation,archive,might,realize,easy,order
1,hacking,hesitate,social,software,boss,now
0,get,dear,dear,dear,forward,summary
1,growth,free,realize,details,schedule,easy
0,marketing,software,act,summary,summary,realize
0,summary,group,draft,realize,strategy,status
0,email,name,group,get,easy,might
1,health,social,get,group,boss,refund
0,email,easy,strategy,interview,order,easy
1,paid,free,bucks,opt,status,group
0,act,sometimes,marketing,sometimes,dear,check
1,order,free,now,growth,order,don't
0,hacking,forward,schedule,summary,graduation,graduation
0,interview,draft,forward,graduation,media,easy
0,application,summary,out,email,schedule,group
0,boss,get,might,schedule,application,summary
1,order,refund,get,easy,social,software
1,health,software,free,hey,profits,order
0,media,group,profits,group,email,marketing
0,summary,media,forward,details,hey,application
0,opt,don't,archive,might,software,application
0,strategy,name,details,interview,check,group
0,hacking,hey,automation,email,calendar,check
0,name,out,draft,automation,graduation,out
0,might,profits,dear,dear,status,don't
0,graduation,easy,funding,dear,dental,out
0,graduation,calendar,schedule,forward,summary,forward
0,forward,draft,email,archive,marketing,name
0,draft,forward,summary,trial,profits,forward
0,automation,details,check,check,schedule,group
0,out,graduation,name,schedule,profits,realize
0,read,media,dear,forward,summary,calendar
0,calendar,name,name,summary,calendar,hacking
0,trial,application,social,schedule,graduation,archive
0,graduation,graduation,email,opt,email,group
1,now,trial,refund,group,order,hesitate
1,bucks,hacking,hacking,paid,health,paid
0,dear,out,summary,draft,calendar,health
0,email,name,profits,media,get,graduation
0,automation,strategy,email,summary,out,calendar
0,realize,name,hey,application,name,dear
0,sometimes,dear,graduation,marketing,funding,summary
0,hey,hey,application,order,automation,health
0,strategy,forward,marketing,social,application,graduation
0,hey,now,name,might,realize,strategy
0,dental,archive,details,out,funding,out
1,profits,act,refund,don't,social,calendar
0,draft,easy,realize,marketing,boss,hey
0,growth,schedule,details,name,funding,archive
0,strategy,automation,archive,forward,funding,calendar
0,name,schedule,check,realize,group,email
1,software,paid,profits,paid,now,SEO
0,profits,application,email,application,media,get
0,media,don't,strategy,strategy,read,get
0,forward,hacking,group,status,act,hey
1,order,realize,archive,hesitate,out,software
0,application,free,schedule,check,free,forward
0,read,name,summary,realize,automation,archive
0,SEO,hey,realize,realize,draft,strategy
0,out,hey,group,check,funding,strategy
0,check,schedule,summary,automation,now,details
0,funding,get,email,archive,check,growth
0,trial,application,out,read,growth,marketing
0,act,sometimes,boss,out,forward,schedule
0,sometimes,read,strategy,archive,calendar,funding
1,details,hacking,opt,interview,boss,summary
0,health,interview,name,might,strategy,email
0,schedule,might,out,group,summary,strategy
0,trial,calendar,strategy,check,name,automation
0,sometimes,group,SEO,calendar,easy,schedule
1,details,details,refund,email,order,growth
0,application,graduation,opt,name,software,easy
1,health,profits,software,opt,software,profits
0,check,easy,opt,get,bucks,email
0,easy,marketing,application,check,hacking,free
0,summary,interview,automation,hacking,realize,schedule
0,details,summary,group,opt,boss,social
1,strategy,don't,hesitate,software,get,automation
0,order,automation,calendar,hey,archive,name
0,group,don't,email,realize,act,schedule
1,interview,profits,opt,mental,software,order
0,graduation,summary,realize,paid,out,strategy
0,name,out,strategy,order,schedule,schedule
0,easy,media,social,archive,order,funding
0,schedule,schedule,forward,media,interview,graduation
1,opt,profits,archive,don't,hacking,details
0,might,schedule,order,trial,funding,calendar
0,read,forward,calendar,archive,marketing,boss
0,marketing,health,group,archive,realize,hey
0,archive,health,easy,strategy,application,hey
0,archive,group,don't,schedule,funding,automation
0,strategy,automation,hacking,check,growth,summary
0,draft,email,group,hey,schedule,name
1,hey,read,schedule,growth,refund,out
0,funding,email,marketing,status,automation,check
0,application,free,summary,dear,health,schedule
0,marketing,schedule,archive,draft,summary,details
0,realize,get,automation,get,email,graduation
0,now,out,realize,easy,get,automation
1,details,order,profits,trial,don't,funding
0,forward,media,archive,group,social,get
0,dear,application,opt,hey,calendar,schedule
0,health,funding,get,application,free,summary
0,graduation,get,graduation,media,might,funding
0,strategy,draft,calendar,marketing,calendar,growth
0,status,easy,hey,free,calendar,details
0,realize,automation,interview,schedule,sometimes,group
0,out,hacking,realize,marketing,don't,archive
0,check,draft,realize,strategy,application,graduation
0,easy,sometimes,application,easy,might,interview
0,dear,schedule,easy,name,archive,draft
0,interview,graduation,hey,name,social,hey
0,funding,health,free,get,name,group
0,archive,graduation,details,schedule,forward,details
0,application,marketing,hey,interview,software,sometimes
0,hey,calendar,graduation,opt,funding,growth
0,graduation,application,software,draft,interview,realize
0,boss,summary,growth,draft,read,status
0,name,might,health,out,hey,profits
0,growth,group,media,free,hacking,strategy
0,draft,interview,hacking,calendar,draft,read
0,archive,realize,graduation,marketing,boss,out
0,profits,check,dear,draft,software,#NUM!
0,calendar,funding,health,trial,application,funding
0,summary,growth,dear,now,easy,#NUM!
0,email,growth,software,out,automation,automation
1,now,profits,dental,boss,automation,#NUM!
0,summary,draft,order,sometimes,details,strategy
1,health,order,media,hacking,paid,opt
0,application,easy,funding,order,might,automation
1,refund,status,social,don't,health,dental
0,interview,growth,calendar,easy,marketing,graduation
0,group,automation,media,profits,dear,funding
0,profits,forward,order,application,archive,summary
0,realize,hacking,group,free,might,email
0,graduation,easy,funding,archive,hey,software
0,trial,summary,dear,don't,forward,strategy
0,free,schedule,realize,interview,opt,realize
0,forward,forward,application,hey,archive,email
0,graduation,calendar,dear,calendar,order,funding
0,get,interview,application,hacking,media,forward
1,hacking,bucks,social,paid,paid,refund
0,forward,summary,marketing,check,forward,funding
0,automation,name,growth,boss,schedule,opt
0,hey,dear,opt,automation,group,automation
1,software,status,strategy,email,now,SEO
0,out,forward,email,schedule,out,realize
0,summary,profits,graduation,application,read,automation
0,growth,interview,forward,interview,status,draft
1,act,free,summary,profits,don't,profits
0,profits,forward,check,opt,realize,group
1,bucks,don't,social,mental,opt,now
0,realize,read,order,interview,marketing,growth
0,hacking,opt,strategy,name,sometimes,archive
1,mental,details,free,easy,order,growth
1,health,hesitate,growth,order,group,don't
0,forward,automation,summary,hey,order,schedule
0,details,dear,interview,automation,funding,act
0,SEO,check,dear,email,opt,don't
0,hey,name,schedule,interview,forward,calendar
0,hey,forward,health,name,strategy,health
0,forward,read,forward,check,dear,email
0,hesitate,hey,free,email,strategy,trial
0,name,dear,draft,social,name,marketing
0,check,schedule,paid,email,out,summary
1,SEO,media,don't,bucks,opt,sometimes
0,forward,act,health,application,details,graduation
0,might,name,marketing,schedule,don't,calendar
0,graduation,funding,calendar,name,get,don't
0,forward,profits,application,name,strategy,draft
0,out,name,marketing,email,email,calendar
0,schedule,realize,draft,easy,check,hacking
0,schedule,hacking,archive,schedule,application,check
1,details,details,order,refund,refund,hacking
1,media,status,graduation,hacking,opt,archive
0,hesitate,hey,growth,details,social,group
0,easy,schedule,don't,order,realize,dear
0,strategy,email,name,schedule,summary,interview
0,sometimes,schedule,might,realize,strategy,application
0,free,group,summary,forward,automation,easy
0,schedule,check,act,dear,act,email
0,funding,now,marketing,boss,order,email
0,group,marketing,dear,funding,archive,group
1,group,archive,hesitate,group,easy,status
0,forward,schedule,profits,graduation,realize,read
0,sometimes,name,free,realize,get,forward
1,free,interview,easy,hesitate,software,refund
0,order,free,read,calendar,check,funding
0,schedule,check,email,email,automation,marketing
0,realize,archive,forward,read,out,graduation
0,funding,marketing,details,group,forward,email
0,might,easy,trial,dear,archive,interview
0,sometimes,read,marketing,read,easy,status
0,free,name,interview,strategy,name,forward
0,check,name,interview,group,graduation,social
0,name,graduation,archive,schedule,calendar,group
0,social,automation,forward,details,hesitate,health
0,hey,don't,details,hey,summary,automation
0,out,hesitate,easy,growth,application,schedule
0,hey,forward,interview,act,marketing,forward
0,sometimes,dear,sometimes,might,summary,forward
0,summary,now,out,automation,social,forward
0,social,status,calendar,check,draft,name
0,forward,might,schedule,easy,opt,draft
0,status,archive,group,hey,boss,calendar
0,read,graduation,funding,realize,sometimes,dear
0,forward,graduation,realize,growth,application,#NUM!
0,schedule,get,free,check,order,calendar
0,read,draft,free,calendar,profits,name
0,interview,read,hey,realize,trial,profits
0,strategy,profits,schedule,hacking,marketing,don't
0,automation,trial,health,group,calendar,schedule
0,archive,social,archive,read,strategy,summary
0,application,opt,graduation,opt,forward,forward
0,social,might,get,out,hey,automation
0,realize,order,calendar,health,bucks,realize
0,summary,archive,status,act,draft,archive
0,funding,now,order,trial,schedule,summary
0,health,funding,details,archive,application,health
0,get,social,calendar,archive,application,automation
0,out,hacking,email,hacking,hey,application
0,marketing,dear,dear,hacking,check,archive
0,automation,hey,hey,funding,easy,growth
0,free,archive,email,application,schedule,draft
0,social,name,might,hacking,dental,archive
0,hey,status,group,schedule,forward,name
0,graduation,interview,dear,realize,might,out
0,archive,realize,name,free,schedule,strategy
0,summary,strategy,SEO,archive,hacking,email
0,group,order,name,might,realize,check
0,growth,group,strategy,marketing,order,calendar
0,check,strategy,strategy,group,email,software
0,application,group,schedule,funding,automation,sometimes
0,email,out,free,forward,hey,strategy
1,automation,calendar,sometimes,refund,status,hacking
0,funding,software,graduation,forward,forward,schedule
0,draft,application,marketing,archive,funding,easy
0,group,check,graduation,application,forward,email
0,email,hey,calendar,group,email,summary
0,dear,trial,funding,health,software,SEO
0,group,marketing,schedule,group,details,interview
0,forward,group,easy,interview,marketing,out
0,act,read,dear,summary,sometimes,email
0,automation,details,boss,bucks,free,application
0,hey,check,read,archive,group,hacking
1,hacking,automation,refund,refund,boss,draft
1,opt,out,hesitate,dental,hacking,software
0,automation,get,email,get,hey,read
1,order,media,opt,refund,hesitate,don't
0,calendar,hey,out,group,free,hey
0,strategy,might,marketing,easy,hey,now
0,might,hacking,email,strategy,graduation,graduation
0,social,details,media,out,media,get
0,free,archive,mental,forward,sometimes,trial
0,dear,draft,read,interview,easy,automation
0,funding,check,hesitate,growth,strategy,forward
0,funding,out,realize,order,out,realize
0,free,hacking,media,strategy,out,#NUM!
0,automation,strategy,funding,out,profits,archive
0,name,schedule,order,don't,mental,profits
1,now,health,trial,social,opt,profits
0,growth,SEO,dear,summary,details,hesitate
0,realize,interview,check,automation,#NUM!,#NUM!
0,act,marketing,interview,details,act,email
0,archive,marketing,dear,out,realize,boss
0,marketing,calendar,hacking,read,details,easy
1,growth,opt,trial,realize,out,trial
0,health,strategy,schedule,email,draft,summary
0,read,hey,calendar,schedule,growth,graduation
0,graduation,automation,paid,name,email,#NUM!
0,interview,realize,automation,summary,calendar,profits
1,software,hacking,paid,don't,health,growth
0,summary,archive,order,funding,archive,draft
0,schedule,easy,don't,SEO,funding,calendar
0,get,might,funding,calendar,strategy,check
0,interview,schedule,get,strategy,summary,email
0,order,status,marketing,check,application,easy
0,schedule,might,sometimes,health,funding,details
0,group,hey,strategy,email,group,out
1,dear,paid,media,growth,social,group
0,forward,boss,forward,graduation,schedule,strategy
0,schedule,status,schedule,draft,name,easy
0,graduation,now,strategy,software,dear,automation
0,media,schedule,media,archive,application,might
1,paid,archive,strategy,SEO,status,growth
0,funding,interview,profits,read,email,draft
0,might,graduation,might,email,status,funding
0,draft,email,draft,strategy,health,sometimes
0,draft,out,archive,strategy,might,graduation
0,software,graduation,read,application,dear,graduation
0,check,calendar,easy,opt,might,email
0,graduation,profits,hey,graduation,dear,get
0,summary,automation,application,application,#NUM!,#NUM!
0,schedule,growth,graduation,profits,get,schedule
0,software,might,hey,marketing,application,growth
0,realize,strategy,graduation,interview,group,hacking
0,schedule,marketing,read,summary,email,application
0,status,application,draft,funding,summary,now
0,might,automation,group,archive,opt,trial
0,paid,schedule,application,marketing,summary,forward
0,paid,order,hacking,act,funding,profits
0,name,marketing,forward,summary,forward,email
0,check,funding,name,boss,SEO,email
0,application,archive,check,application,interview,out
0,marketing,forward,archive,schedule,realize,trial
0,application,out,details,free,graduation,hacking
0,order,refund,hacking,marketing,application,group
0,out,funding,archive,profits,might,graduation
0,forward,strategy,read,now,read,marketing
0,act,name,calendar,draft,funding,hey
0,summary,profits,order,health,profits,SEO
0,interview,don't,archive,email,out,social
1,don't,hacking,opt,trial,software,dental
0,hey,interview,sometimes,status,draft,strategy
0,growth,status,hey,summary,group,dear
0,email,trial,hesitate,draft,name,funding
0,email,out,archive,summary,dear,dental
0,don't,dear,don't,social,out,marketing
0,calendar,email,graduation,funding,opt,funding
0,group,group,easy,growth,email,paid
0,read,forward,dear,summary,hacking,name
0,application,forward,out,email,growth,archive
0,email,free,summary,automation,social,hey
1,mental,paid,health,free,social,might
0,easy,forward,might,schedule,email,schedule
0,strategy,trial,interview,draft,health,read
0,email,calendar,hey,funding,details,act
1,archive,order,forward,act,growth,summary
1,hacking,dental,don't,social,opt,don't
0,profits,name,dear,name,out,might
0,name,draft,name,media,status,might
0,archive,might,email,group,strategy,email
0,email,archive,automation,calendar,draft,check
0,SEO,archive,sometimes,easy,calendar,dear
0,free,automation,easy,opt,read,details
1,social,social,strategy,funding,software,hacking
1,sometimes,don't,bucks,forward,mental,free
0,hacking,realize,group,group,schedule,forward
0,get,might,summary,email,funding,archive
0,funding,automation,easy,act,growth,schedule
0,automation,status,realize,application,get,email
0,summary,growth,graduation,strategy,draft,don't
0,funding,email,details,archive,details,growth
0,forward,trial,get,dear,order,read
0,out,name,social,paid,calendar,email
0,realize,draft,funding,graduation,summary,might
0,dear,social,automation,order,out,out
0,easy,health,hey,hacking,hey,boss
0,realize,automation,software,interview,dear,dear
0,read,growth,hacking,opt,name,forward
0,marketing,hacking,calendar,dear,check,calendar
0,schedule,summary,realize,read,schedule,application
0,boss,out,application,media,strategy,media
0,might,profits,group,act,schedule,get
0,hesitate,summary,forward,archive,sometimes,details
0,status,media,marketing,calendar,dear,might
1,now,profits,status,archive,details,don't
0,archive,media,hey,sometimes,realize,easy
1,media,opt,trial,realize,draft,hesitate
0,details,graduation,application,funding,name,forward
0,application,group,hacking,marketing,profits,draft
1,calendar,status,details,profits,group,refund
0,now,automation,funding,media,get,opt
0,hacking,interview,forward,boss,dear,interview
0,might,strategy,schedule,schedule,calendar,graduation
0,schedule,archive,read,calendar,funding,archive
0,graduation,forward,free,group,free,read
0,interview,archive,calendar,name,might,strategy
0,marketing,might,archive,trial,read,mental
0,don't,archive,read,group,schedule,automation
0,schedule,hacking,graduation,email,easy,forward
0,name,order,calendar,social,opt,strategy
0,order,order,realize,profits,SEO,strategy
0,social,archive,name,summary,profits,strategy
1,dear,software,software,paid,draft,group
0,check,health,name,calendar,sometimes,email
0,easy,email,hey,read,application,summary
0,hacking,might,marketing,email,out,strategy
0,dear,marketing,details,draft,calendar,marketing
0,summary,paid,group,marketing,opt,social
0,group,forward,status,interview,sometimes,group
0,out,application,media,marketing,now,strategy
0,might,media,calendar,might,strategy,realize
0,opt,dear,health,application,graduation,funding
0,status,hey,hacking,order,details,email
0,email,hacking,read,graduation,strategy,summary
0,marketing,summary,automation,strategy,calendar,dear
0,dental,marketing,check,easy,group,archive
0,act,hey,interview,funding,schedule,out
0,dear,don't,graduation,schedule,growth,interview
0,marketing,archive,strategy,graduation,application,schedule
0,out,forward,health,order,email,application
1,hesitate,graduation,free,bucks,refund,details
0,forward,media,schedule,bucks,interview,social
0,funding,graduation,out,forward,out,funding
0,automation,hey,calendar,read,realize,funding
0,funding,hey,details,check,easy,graduation
0,calendar,out,draft,graduation,draft,archive
0,dear,easy,schedule,boss,order,summary
0,get,archive,graduation,details,details,sometimes
0,hey,calendar,get,social,forward,funding
0,strategy,funding,forward,opt,get,out
0,boss,marketing,out,order,hacking,graduation
0,name,read,schedule,don't,realize,schedule
0,funding,archive,free,free,opt,interview
0,marketing,check,sometimes,media,hacking,schedule
0,name,paid,forward,opt,health,free
0,check,strategy,graduation,act,draft,calendar
0,profits,details,read,sometimes,act,strategy
0,automation,act,name,name,strategy,name
0,automation,name,interview,social,application,graduation
0,realize,realize,group,media,easy,status
0,out,dental,name,details,marketing,out
0,archive,schedule,application,forward,details,email
0,interview,email,email,archive,order,realize
0,sometimes,calendar,read,interview,group,graduation
0,sometimes,email,draft,email,hey,marketing
0,now,email,application,draft,schedule,dear
0,free,trial,draft,email,archive,free
0,realize,funding,group,summary,summary,archive
0,application,group,calendar,order,might,draft
1,refund,free,hacking,forward,easy,bucks
0,now,group,group,read,dear,order
0,act,dear,name,now,email,forward
0,forward,draft,growth,check,realize,archive
0,software,schedule,hey,easy,marketing,group
0,summary,out,funding,email,draft,email
0,order,hesitate,bucks,schedule,check,out
1,social,don't,refund,social,status,calendar
1,free,get,bucks,hesitate,growth,paid
0,email,read,status,act,archive,email
0,out,strategy,marketing,might,trial,free
0,out,schedule,sometimes,might,now,calendar
0,easy,draft,hey,email,graduation,funding
1,hesitate,profits,mental,now,health,opt
0,automation,read,automation,forward,group,hey
0,marketing,check,health,draft,get,application
0,email,don't,schedule,name,marketing,group
0,read,draft,social,archive,draft,strategy
0,social,name,interview,easy,graduation,easy
0,automation,easy,group,details,graduation,don't
0,draft,read,application,read,funding,act
0,media,archive,get,easy,hey,forward
0,get,paid,group,marketing,strategy,name
0,out,hey,calendar,hacking,sometimes,realize
0,boss,read,SEO,email,check,order
0,graduation,summary,graduation,don't,interview,growth
0,now,dear,don't,easy,profits,interview
0,forward,schedule,schedule,forward,calendar,might
0,sometimes,draft,name,calendar,strategy,hesitate
0,realize,funding,hacking,free,group,group
0,read,might,archive,don't,interview,schedule
0,funding,draft,calendar,check,dear,strategy
0,check,hacking,funding,out,graduation,media
0,order,software,status,SEO,archive,graduation
0,calendar,read,forward,hacking,application,easy
0,media,read,automation,easy,group,funding
0,out,group,read,summary,forward,automation
0,draft,name,schedule,dear,bucks,draft
0,realize,interview,group,don't,might,funding
1,status,software,refund,SEO,forward,details
0,draft,get,details,dear,funding,archive
1,mental,easy,archive,profits,status,boss
0,summary,schedule,summary,archive,now,free
0,email,trial,group,archive,might,hesitate
0,archive,opt,realize,application,draft,schedule
0,read,group,hey,graduation,strategy,status
0,funding,email,software,order,calendar,summary
0,growth,graduation,draft,funding,forward,email
0,group,schedule,out,group,email,group
1,draft,draft,mental,opt,hacking,profits
0,draft,automation,trial,social,draft,don't
0,check,marketing,order,software,application,group
0,free,strategy,status,realize,automation,marketing
0,growth,summary,name,boss,health,dear
1,mental,dental,profits,status,out,dental
0,group,interview,group,might,forward,hesitate
0,name,growth,easy,funding,name,get
0,read,draft,realize,forward,group,status
0,group,get,easy,group,summary,easy
0,might,don't,realize,draft,draft,automation
1,order,get,now,mental,hesitate,archive
0,schedule,hey,interview,get,health,out
0,realize,schedule,name,name,don't,graduation
0,hey,dear,draft,realize,might,application
0,marketing,strategy,draft,out,status,strategy
0,application,draft,dental,email,summary,strategy
0,read,archive,read,automation,free,automation
0,name,application,out,sometimes,health,easy
1,status,archive,SEO,bucks,dental,bucks
0,email,forward,strategy,draft,automation,#NUM!
0,draft,interview,name,opt,status,dear
0,growth,boss,email,read,draft,read
0,social,draft,schedule,health,marketing,archive
0,hacking,strategy,application,archive,easy,social
0,act,order,get,free,calendar,profits
0,graduation,health,status,email,realize,out
0,group,check,summary,draft,application,might
1,get,free,dental,don't,trial,out
0,get,read,strategy,email,realize,trial
0,marketing,dental,name,calendar,forward,name
0,media,realize,status,marketing,calendar,schedule
0,act,free,automation,name,email,software
0,email,schedule,interview,name,don't,marketing
0,marketing,hey,easy,check,strategy,out
1,trial,bucks,bucks,social,mental,software
0,marketing,application,might,calendar,summary,might
0,now,dear,hacking,name,forward,health
0,SEO,funding,dear,automation,status,draft
1,bucks,software,easy,opt,details,refund
0,interview,get,automation,application,dental,name
0,schedule,check,easy,archive,summary,hey
1,growth,calendar,opt,sometimes,status,interview
0,group,out,interview,read,name,status
1,details,software,opt,dear,health,free
0,archive,group,out,don't,out,status
0,read,marketing,profits,check,out,summary
0,easy,hacking,marketing,schedule,trial,email
0,details,archive,draft,health,status,forward
0,might,might,graduation,funding,strategy,graduation
0,read,strategy,draft,out,out,order
0,schedule,check,name,opt,calendar,free
0,strategy,boss,hacking,easy,funding,boss
0,social,get,easy,forward,group,schedule
0,application,schedule,schedule,realize,draft,name
0,opt,marketing,marketing,name,graduation,SEO
1,mental,software,growth,calendar,opt,status
0,free,marketing,archive,automation,graduation,check
0,act,application,group,funding,status,archive
0,forward,easy,social,summary,read,easy
1,archive,health,health,paid,don't,boss
0,email,email,group,order,summary,schedule
0,funding,automation,read,sometimes,schedule,easy
1,details,group,don't,refund,email,dental
0,group,free,trial,funding,group,forward
0,funding,schedule,forward,easy,interview,check
1,act,strategy,bucks,order,out,paid
0,hacking,name,email,schedule,summary,graduation
0,name,out,hacking,archive,hacking,graduation
0,social,interview,graduation,status,out,realize
0,out,opt,check,check,trial,order
0,archive,hey,marketing,forward,hesitate,SEO
0,get,strategy,name,hey,archive,hey
0,email,schedule,check,schedule,funding,automation
0,strategy,act,software,email,application,details
0,might,get,out,email,marketing,order
0,realize,forward,health,health,email,software
1,growth,refund,now,act,order,free
0,health,interview,forward,get,profits,schedule
0,now,status,dear,trial,health,summary
0,email,email,email,out,dear,get
0,now,out,strategy,calendar,schedule,funding
0,interview,check,might,graduation,summary,group
0,email,draft,calendar,name,email,dear
0,don't,dear,details,growth,realize,growth
0,social,graduation,free,dental,easy,summary
0,strategy,calendar,strategy,forward,act,order
1,boss,health,mental,trial,software,health
0,forward,dear,graduation,email,schedule,easy
0,name,hey,calendar,hey,strategy,free
1,bucks,easy,order,health,trial,growth
0,automation,easy,marketing,social,social,archive
0,social,hey,archive,profits,automation,summary
0,details,sometimes,easy,might,growth,order
1,media,now,group,software,boss,mental
0,schedule,name,get,calendar,funding,funding
0,schedule,forward,get,out,graduation,email
0,free,order,might,draft,forward,health
0,forward,software,archive,calendar,hacking,dear
0,group,marketing,email,get,draft,hey
0,automation,forward,hey,social,might,archive
0,out,marketing,draft,don't,email,schedule
0,interview,schedule,group,archive,schedule,hacking
0,details,marketing,summary,social,name,dear
0,status,get,graduation,dear,email,social
1,trial,SEO,software,mental,order,health
0,group,funding,don't,read,graduation,status
0,draft,hey,email,growth,might,order
1,status,calendar,order,social,SEO,SEO
0,sometimes,social,graduation,sometimes,funding,schedule
0,easy,boss,dear,email,summary,marketing
0,social,calendar,might,archive,act,out
0,draft,graduation,paid,automation,check,hesitate
0,email,paid,summary,graduation,calendar,hey
0,archive,sometimes,schedule,name,software,group
0,easy,calendar,draft,funding,SEO,out
0,schedule,summary,calendar,email,realize,calendar
1,calendar,easy,refund,software,interview,SEO
0,easy,group,check,media,forward,growth
0,marketing,marketing,forward,interview,schedule,order
0,read,archive,opt,read,read,marketing
0,out,trial,funding,email,dear,growth
0,archive,archive,email,calendar,graduation,#NUM!
0,group,forward,sometimes,trial,strategy,details
0,name,out,summary,easy,schedule,calendar
1,growth,details,out,status,opt,automation
0,realize,now,media,dear,calendar,strategy
1,refund,act,boss,realize,don't,free
0,email,hey,might,application,out,archive
0,schedule,automation,interview,forward,sometimes,summary
0,strategy,free,schedule,calendar,application,realize
0,details,read,marketing,email,now,might
0,read,summary,funding,media,profits,now
0,funding,funding,graduation,automation,schedule,easy
0,details,forward,strategy,get,calendar,sometimes
0,realize,summary,order,out,funding,draft
0,summary,calendar,profits,out,status,#NUM!
0,easy,out,strategy,name,funding,might
0,name,profits,interview,realize,realize,schedule
0,application,draft,realize,growth,act,forward
0,schedule,archive,trial,strategy,health,group
0,out,opt,status,software,read,email
1,profits,schedule,hesitate,archive,paid,social
0,opt,trial,hacking,calendar,free,boss
0,easy,interview,email,media,details,get
0,group,draft,easy,application,draft,group
0,software,order,draft,email,easy,marketing
0,health,get,graduation,check,easy,automation
1,free,SEO,social,social,boss,refund
0,group,archive,dear,might,group,free
0,archive,summary,dental,read,archive,might
0,summary,growth,automation,automation,marketing,opt
0,check,summary,calendar,application,forward,out
1,email,opt,boss,profits,bucks,bucks
0,funding,opt,funding,group,draft,schedule
0,out,draft,read,summary,media,forward
0,SEO,archive,schedule,graduation,sometimes,summary
0,forward,name,graduation,funding,dear,group
0,read,free,forward,order,funding,calendar
0,interview,dear,calendar,don't,graduation,name
0,forward,social,realize,summary,graduation,don't
0,schedule,calendar,draft,strategy,email,opt
0,forward,name,schedule,email,out,might
1,profits,group,now,forward,SEO,boss
0,forward,name,graduation,draft,draft,dear
0,application,archive,group,funding,get,archive
0,strategy,might,dear,hey,easy,read
0,name,easy,name,automation,draft,archive
0,automation,don't,forward,application,email,read
0,might,get,graduation,email,read,email
0,get,application,forward,easy,archive,details
0,archive,check,software,email,details,draft
0,archive,bucks,calendar,now,act,archive
0,out,dental,easy,name,graduation,strategy
0,forward,interview,graduation,software,strategy,growth
0,calendar,easy,social,check,profits,social
0,forward,realize,summary,dear,calendar,archive
0,group,archive,read,order,forward,forward
0,marketing,archive,funding,calendar,automation,hacking
0,name,calendar,calendar,might,media,schedule
0,draft,schedule,name,status,social,software
0,summary,check,name,dental,marketing,archive
0,don't,archive,realize,hey,schedule,calendar
0,email,easy,email,archive,group,schedule
0,group,name,profits,application,funding,calendar
0,group,name,hacking,archive,summary,out
0,marketing,graduation,profits,realize,now,details
1,social,order,dental,group,realize,easy
1,draft,trial,paid,don't,refund,health
1,now,don't,dental,mental,social,realize
0,email,graduation,draft,calendar,marketing,summary
1,free,sometimes,boss,opt,order,health
0,details,calendar,draft,strategy,order,graduation
0,archive,check,graduation,summary,health,draft
0,schedule,health,email,dear,get,check
0,funding,name,funding,draft,application,archive
0,schedule,marketing,read,easy,might,marketing
0,summary,schedule,profits,order,order,health
1,strategy,automation,boss,opt,dental,SEO
0,forward,funding,marketing,email,profits,easy
0,application,SEO,dear,software,sometimes,calendar
0,read,summary,SEO,archive,dear,dear
1,hesitate,order,hacking,details,refund,mental
0,status,growth,schedule,calendar,realize,free
0,forward,summary,act,funding,forward,application
0,group,email,automation,order,group,out
0,out,graduation,easy,schedule,schedule,sometimes
0,group,hey,graduation,calendar,sometimes,might
1,software,free,details,realize,easy,out
0,schedule,boss,growth,don't,schedule,marketing
0,draft,hacking,funding,calendar,automation,health
0,realize,status,email,automation,archive,schedule
0,act,group,read,hesitate,might,funding
0,hey,application,act,social,easy,strategy
0,draft,summary,application,application,strategy,summary
0,archive,health,calendar,trial,draft,out
1,now,out,SEO,health,hacking,order
0,out,schedule,funding,archive,interview,social
0,growth,hey,archive,calendar,get,group
0,easy,dear,forward,strategy,marketing,schedule
0,archive,marketing,archive,calendar,schedule,health
0,schedule,draft,health,dear,calendar,out
0,health,read,forward,opt,email,might
0,strategy,email,marketing,health,profits,check
0,act,might,email,free,graduation,free
1,don't,archive,details,refund,trial,group
0,archive,strategy,health,strategy,don't,strategy
0,forward,details,archive,schedule,group,email
0,forward,graduation,sometimes,name,application,forward
0,don't,schedule,get,growth,social,summary
1,don't,don't,strategy,software,opt,status
0,out,calendar,check,strategy,draft,read
0,SEO,group,graduation,calendar,funding,growth
0,funding,free,schedule,social,hacking,dear
0,order,might,application,name,software,software
0,archive,realize,application,might,strategy,hey
0,boss,funding,act,forward,strategy,media
0,calendar,social,profits,hacking,graduation,dear
0,check,forward,order,email,hacking,schedule
0,order,funding,graduation,boss,application,summary
0,archive,archive,sometimes,strategy,hacking,read
0,strategy,archive,dear,hey,funding,calendar
0,might,group,strategy,hesitate,name,hey
0,hey,dear,strategy,#NUM!,#NUM!,#NUM!
0,summary,realize,graduation,automation,schedule,get
0,easy,read,draft,order,read,free
0,forward,growth,funding,sometimes,interview,marketing
1,hesitate,realize,software,boss,software,growth
0,forward,might,graduation,funding,out,automation
0,calendar,marketing,funding,easy,hey,media
0,read,group,details,free,now,boss
1,free,order,interview,media,details,hacking
0,application,group,out,easy,group,archive
0,archive,get,dear,refund,calendar,dental
0,hacking,funding,draft,out,calendar,archive
0,marketing,profits,act,hey,hey,calendar
1,boss,SEO,automation,archive,details,paid
0,application,easy,summary,boss,name,application
0,free,interview,dear,interview,read,summary
0,social,schedule,group,name,email,strategy
0,name,draft,software,free,sometimes,easy
1,opt,mental,social,order,hesitate,calendar
1,mental,social,hacking,trial,easy,automation
0,hey,health,realize,graduation,name,hey
1,interview,mental,now,SEO,don't,out
0,out,application,free,get,archive,archive
0,automation,growth,strategy,group,calendar,get
0,strategy,boss,summary,automation,SEO,strategy
1,order,automation,don't,order,don't,growth
0,email,sometimes,growth,strategy,growth,group
0,hacking,trial,health,hacking,trial,summary
1,dental,SEO,SEO,bucks,group,act
0,forward,group,dear,profits,strategy,might
0,hey,calendar,check,forward,calendar,health
1,hacking,software,don't,name,mental,schedule
1,strategy,hesitate,hesitate,trial,marketing,trial
0,email,paid,schedule,dear,application,name
0,calendar,might,archive,name,schedule,growth
0,read,interview,check,status,hacking,forward
0,realize,draft,strategy,hey,growth,interview
0,summary,opt,email,graduation,automation,might
0,opt,schedule,funding,hacking,hey,name
0,graduation,order,calendar,sometimes,group,easy
0,name,dental,archive,social,graduation,strategy
0,dental,group,forward,forward,application,media
0,profits,out,schedule,software,interview,hey
0,social,interview,strategy,check,social,#NUM!
0,out,strategy,dear,schedule,trial,details
0,email,schedule,details,strategy,read,free
0,sometimes,hey,forward,free,automation,hacking
0,boss,marketing,application,strategy,strategy,health
0,funding,hacking,hacking,opt,graduation,get
0,check,email,strategy,archive,software,summary
0,easy,status,health,opt,summary,might
0,dear,sometimes,name,draft,archive,now
0,sometimes,strategy,group,group,calendar,out
0,strategy,easy,archive,summary,summary,get
0,act,email,opt,strategy,hey,calendar
0,interview,health,summary,might,forward,funding
0,application,schedule,summary,free,growth,draft
0,opt,hey,funding,summary,schedule,out
0,archive,read,email,media,funding,marketing
0,funding,summary,summary,interview,marketing,automation
0,draft,dear,email,easy,schedule,get
0,application,strategy,draft,email,get,#NUM!
0,automation,marketing,automation,free,sometimes,calendar
0,hey,act,marketing,sometimes,get,free
1,automation,don't,graduation,growth,easy,health
0,calendar,strategy,draft,act,realize,schedule
0,archive,trial,automation,hey,calendar,check
0,might,email,sometimes,interview,calendar,media
0,calendar,interview,interview,boss,funding,now
0,archive,email,schedule,realize,email,automation
0,might,summary,schedule,calendar,might,interview
0,growth,marketing,sometimes,application,dear,forward
0,strategy,free,trial,health,dear,free
0,funding,application,hacking,forward,details,calendar
0,draft,dear,summary,check,read,health
1,get,SEO,don't,trial,profits,bucks
0,email,graduation,dental,strategy,group,read
0,out,status,email,status,mental,get
0,strategy,email,draft,media,might,easy
0,details,hacking,details,calendar,draft,funding
0,details,application,hey,realize,graduation,graduation
0,dear,details,dear,calendar,funding,marketing
0,profits,opt,media,schedule,archive,marketing
0,group,read,group,realize,now,group
0,dear,dear,automation,archive,group,check
0,out,out,application,strategy,summary,forward
0,application,draft,status,graduation,email,easy
0,summary,email,schedule,social,hacking,strategy
0,draft,draft,archive,calendar,social,marketing
0,easy,realize,summary,dear,out,email
0,check,summary,strategy,archive,media,calendar
0,details,archive,calendar,software,archive,graduation
0,interview,forward,social,funding,name,dear
0,automation,opt,details,trial,archive,trial
1,automation,trial,realize,forward,hesitate,refund
0,calendar,details,forward,schedule,paid,hacking
0,group,check,might,name,status,get
0,act,order,calendar,name,schedule,out
1,SEO,SEO,free,refund,hacking,realize
0,archive,application,archive,email,name,read
0,schedule,archive,group,out,details,opt
0,summary,order,strategy,automation,might,group
0,forward,calendar,out,out,SEO,archive
0,hey,check,name,name,dear,graduation
0,schedule,archive,profits,email,status,graduation
1,free,social,status,hesitate,software,social
0,funding,details,health,strategy,marketing,graduation
0,growth,marketing,group,hey,details,might
0,hey,media,check,software,easy,forward
0,easy,forward,easy,schedule,draft,order
0,details,strategy,might,archive,might,free
0,calendar,get,easy,might,trial,schedule
0,name,calendar,calendar,summary,summary,draft
0,interview,draft,calendar,details,profits,realize
0,might,application,marketing,name,hey,draft
0,draft,schedule,graduation,strategy,email,marketing
1,status,hacking,paid,don't,status,hacking
0,email,order,summary,order,get,calendar
0,status,dear,automation,schedule,hesitate,funding
0,software,graduation,application,easy,read,hey
0,check,name,schedule,easy,hey,forward
0,status,archive,graduation,easy,name,forward
0,funding,automation,forward,get,marketing,act
0,opt,marketing,group,schedule,calendar,application
0,group,growth,forward,might,name,dear
0,funding,health,summary,SEO,interview,hey
0,hey,out,archive,hey,archive,out
0,marketing,read,name,might,group,name
0,don't,order,forward,interview,read,realize
0,interview,marketing,archive,schedule,graduation,out
0,order,read,don't,hey,out,graduation
0,easy,read,realize,details,get,might
0,SEO,marketing,email,funding,realize,health
0,check,act,status,act,SEO,group
1,email,health,social,media,interview,mental
0,group,name,order,funding,might,out
0,realize,out,social,out,application,forward
0,software,order,check,funding,application,forward
0,might,summary,calendar,get,dear,schedule
1,hesitate,funding,boss,details,media,software
0,schedule,paid,free,dear,marketing,funding
0,draft,archive,don't,calendar,act,calendar
0,forward,funding,read,funding,read,order
0,hey,draft,name,easy,schedule,graduation
1,hacking,SEO,now,out,order,archive
0,check,name,group,summary,read,realize
0,free,out,archive,forward,email,get
0,easy,forward,funding,check,summary,act
0,might,archive,strategy,dental,interview,health
0,archive,might,email,out,get,sometimes
0,schedule,archive,out,opt,interview,now
0,group,dear,interview,calendar,out,draft
0,hey,realize,growth,strategy,calendar,realize
0,draft,strategy,archive,email,group,forward
0,SEO,automation,free,interview,schedule,strategy
0,funding,automation,check,funding,out,draft
1,mental,order,media,hesitate,mental,health
0,archive,application,dear,interview,growth,realize
0,strategy,social,email,marketing,summary,name
0,free,schedule,summary,calendar,trial,might
0,calendar,group,graduation,free,summary,sometimes
0,act,out,dear,realize,archive,archive
0,details,realize,easy,health,dental,draft
1,don't,easy,interview,dental,details,calendar
0,hacking,calendar,summary,graduation,health,group
0,interview,group,read,software,read,act
0,growth,read,name,group,order,realize
0,health,application,realize,social,might,out
0,trial,hey,graduation,read,automation,email
0,graduation,easy,act,trial,forward,draft
0,dear,application,forward,don't,graduation,forward
1,opt,strategy,name,software,free,status
1,opt,mental,refund,refund,group,hacking
0,software,health,name,strategy,marketing,automation
1,order,details,trial,marketing,group,SEO
0,order,draft,profits,forward,application,summary
0,status,might,marketing,calendar,strategy,funding
0,details,might,growth,dental,media,hacking
0,SEO,interview,get,free,archive,sometimes
0,dear,hey,easy,funding,archive,name
0,out,group,hesitate,sometimes,application,hacking
0,hesitate,summary,forward,interview,summary,automation
0,strategy,marketing,name,easy,check,summary
0,easy,get,draft,marketing,dear,read
0,name,funding,automation,marketing,hacking,archive
0,out,automation,sometimes,archive,might,funding
0,name,dear,growth,funding,summary,calendar
1,software,trial,trial,order,#NUM!,#NUM!
0,get,read,schedule,hey,calendar,forward
0,don't,summary,status,get,order,might
1,software,software,realize,don't,sometimes,#NUM!
0,summary,might,growth,now,hey,summary
0,automation,strategy,funding,email,archive,easy
1,don't,group,boss,now,schedule,software
0,don't,easy,calendar,email,dear,trial
0,name,sometimes,name,health,automation,application
0,social,name,dear,forward,schedule,growth
0,automation,schedule,funding,strategy,funding,email
0,might,name,automation,application,SEO,strategy
0,application,email,calendar,realize,forward,name
0,hacking,forward,strategy,schedule,automation,dear
0,forward,marketing,check,funding,get,forward
0,profits,SEO,order,marketing,details,funding
0,strategy,might,dear,archive,don't,draft
0,growth,get,read,details,group,draft
0,details,funding,social,name,application,application
0,schedule,email,group,email,interview,graduation
0,order,health,marketing,forward,social,funding
0,calendar,automation,strategy,graduation,don't,summary
1,SEO,funding,don't,dental,health,schedule
0,marketing,forward,get,group,group,calendar
0,archive,schedule,email,automation,schedule,marketing
1,profits,opt,details,mental,trial,opt
0,forward,dear,read,application,dear,schedule
0,funding,schedule,strategy,social,out,automation
1,profits,interview,schedule,refund,details,media
0,details,group,might,now,status,archive
0,summary,group,dear,forward,forward,marketing
0,out,easy,act,trial,profits,calendar
0,boss,hacking,realize,email,read,read
0,might,media,free,dental,order,boss
0,paid,schedule,easy,hey,easy,hey
0,realize,marketing,archive,interview,trial,read
0,hey,graduation,summary,social,calendar,status
0,group,easy,interview,check,automation,might
0,status,hacking,get,media,now,name
0,graduation,out,email,application,email,draft
1,don't,get,trial,refund,calendar,bucks
0,strategy,automation,graduation,interview,automation,strategy
0,now,marketing,strategy,calendar,might,graduation
1,status,free,details,don't,SEO,summary
0,out,opt,interview,health,archive,funding
0,marketing,profits,group,don't,growth,trial
1,SEO,details,media,free,trial,social
0,out,easy,group,boss,dear,out
0,graduation,easy,funding,application,calendar,get
0,growth,out,easy,archive,calendar,forward
0,group,details,email,strategy,application,hesitate
0,calendar,refund,forward,now,out,schedule
0,marketing,might,easy,SEO,social,funding
0,funding,summary,email,application,application,draft
0,group,out,graduation,forward,check,out
0,read,interview,graduation,dear,dear,graduation
0,name,calendar,graduation,dear,boss,read
1,don't,growth,health,health,opt,get
0,read,archive,easy,growth,profits,growth
0,dear,draft,automation,group,calendar,schedule
0,application,details,realize,funding,read,email
0,out,hey,hey,archive,forward,check
0,details,group,forward,calendar,easy,get
0,get,group,automation,out,strategy,opt
0,easy,summary,out,easy,realize,application
0,application,profits,schedule,email,archive,funding
0,act,out,forward,dear,might,easy
0,archive,don't,summary,order,graduation,dear
0,funding,sometimes,group,now,draft,draft
0,email,health,hey,easy,automation,application
0,free,summary,health,email,dear,archive
1,social,out,draft,get,details,act
0,health,graduation,draft,application,hey,marketing
0,order,strategy,realize,schedule,health,opt
0,automation,dear,name,summary,media,hey
0,free,profits,growth,free,email,#NUM!
0,don't,dental,schedule,strategy,application,health
0,check,hey,interview,email,application,forward
0,application,draft,forward,forward,status,health
0,might,summary,funding,funding,hey,realize
0,details,realize,health,hacking,opt,application
0,might,group,details,funding,read,application
0,schedule,summary,draft,check,order,archive
0,media,out,order,automation,funding,graduation
0,funding,summary,read,archive,realize,interview
0,get,growth,interview,order,marketing,marketing
0,out,might,trial,out,application,email
0,email,schedule,realize,email,out,calendar
0,might,application,archive,health,archive,might
0,might,read,health,act,don't,calendar
0,archive,growth,read,graduation,don't,summary
0,schedule,name,check,calendar,automation,#NUM!
0,email,health,might,health,hey,draft
1,hacking,profits,paid,trial,social,software
0,marketing,status,summary,boss,realize,sometimes
0,out,forward,funding,dental,draft,hey
1,strategy,free,hacking,social,social,details
0,group,funding,hey,funding,profits,marketing
0,health,check,status,growth,schedule,schedule
0,dear,forward,social,automation,email,dear
1,hesitate,refund,software,free,refund,refund
0,hey,interview,easy,schedule,opt,order
0,summary,summary,marketing,application,forward,archive
0,health,status,archive,forward,calendar,check
0,schedule,free,email,out,trial,details
0,draft,schedule,act,hey,profits,check
0,sometimes,check,schedule,easy,social,schedule
0,summary,sometimes,strategy,hey,opt,health
0,out,out,dear,social,might,strategy
1,hacking,hacking,draft,order,opt,draft
0,calendar,trial,opt,growth,marketing,application
0,realize,archive,get,marketing,calendar,archive
0,dear,group,growth,calendar,sometimes,archive
0,realize,profits,software,check,hesitate,read
0,marketing,draft,sometimes,out,health,free
0,forward,hacking,details,software,hacking,social
0,automation,application,don't,interview,trial,summary
0,realize,order,calendar,get,don't,easy
0,forward,application,strategy,funding,don't,schedule
0,boss,details,order,realize,health,funding
0,paid,summary,application,calendar,draft,schedule
1,funding,schedule,health,opt,dental,dental
0,out,graduation,archive,summary,realize,details
0,act,profits,calendar,now,graduation,forward
1,realize,hesitate,free,media,trial,sometimes
0,act,realize,application,schedule,email,hesitate
0,might,act,easy,group,strategy,calendar
0,might,sometimes,read,group,graduation,order
0,summary,dear,act,graduation,strategy,group
1,interview,free,now,application,SEO,opt
0,get,schedule,out,marketing,social,graduation
0,dental,might,group,schedule,schedule,boss
0,might,hey,might,details,growth,calendar
0,archive,draft,summary,details,interview,status
0,email,draft,forward,forward,out,bucks
0,order,sometimes,dear,funding,read,dental
0,summary,details,strategy,summary,email,might
0,draft,paid,read,might,archive,sometimes
0,hey,archive,social,trial,social,calendar
0,act,funding,group,act,draft,forward
1,sometimes,refund,hacking,strategy,draft,realize
0,strategy,name,media,realize,summary,archive
0,strategy,strategy,funding,forward,archive,calendar
0,calendar,out,check,draft,archive,archive
0,funding,status,dear,forward,out,status
0,summary,schedule,email,sometimes,archive,strategy
0,read,read,trial,out,hey,check
0,growth,might,check,opt,name,#NUM!
0,SEO,out,strategy,archive,social,forward
0,don't,might,draft,easy,SEO,marketing
0,dear,application,funding,act,summary,summary
0,get,opt,strategy,get,name,realize
1,trial,trial,details,archive,software,mental
1,dear,software,free,hesitate,growth,social
1,don't,dear,boss,hey,free,refund
0,draft,calendar,draft,might,hey,automation
0,sometimes,graduation,funding,health,summary,out
0,growth,group,media,draft,software,group
0,free,marketing,interview,group,draft,calendar
0,summary,details,graduation,forward,group,#NUM!
0,schedule,name,schedule,get,status,summary
0,read,interview,hey,social,schedule,might
0,SEO,archive,strategy,email,profits,strategy
1,archive,social,calendar,profits,software,hesitate
1,profits,calendar,schedule,interview,archive,order
0,archive,realize,out,schedule,application,schedule
0,interview,automation,check,trial,draft,growth
0,email,summary,order,automation,SEO,details
0,graduation,group,strategy,draft,media,email
0,graduation,check,funding,group,group,free
0,calendar,draft,don't,strategy,application,calendar
0,email,marketing,SEO,summary,application,automation
0,dear,realize,automation,dental,don't,forward
0,group,get,dear,marketing,get,software
0,graduation,check,archive,archive,growth,graduation
0,mental,status,draft,profits,dear,details
0,funding,funding,graduation,draft,archive,name
0,email,get,easy,opt,might,profits
0,calendar,details,name,name,email,email
0,details,realize,application,strategy,archive,application
0,automation,email,marketing,graduation,marketing,out
1,sometimes,automation,opt,out,dental,hesitate
0,don't,realize,out,application,archive,hey
0,application,software,name,might,realize,calendar
0,dental,get,schedule,out,act,calendar
0,forward,hey,marketing,email,act,summary
0,status,realize,strategy,sometimes,email,funding
0,hey,strategy,status,email,hey,schedule
0,out,forward,now,get,email,forward
0,summary,marketing,archive,email,calendar,graduation
0,media,trial,funding,name,hey,now
0,hey,free,SEO,forward,now,realize
0,easy,strategy,out,automation,draft,easy
0,trial,archive,draft,name,now,boss
0,details,summary,email,application,strategy,check
0,hey,group,health,hey,hesitate,sometimes
1,SEO,SEO,health,profits,hacking,opt
0,strategy,profits,calendar,free,growth,automation
0,marketing,email,name,calendar,funding,strategy
0,software,don't,easy,forward,funding,hey
0,profits,draft,name,order,social,check
0,interview,easy,automation,might,hacking,growth
0,details,marketing,profits,draft,marketing,draft
0,trial,application,now,health,realize,hey
0,realize,strategy,name,read,funding,interview
0,calendar,summary,email,realize,read,draft
0,free,sometimes,draft,dear,hacking,archive
0,read,graduation,media,details,easy,group
0,realize,summary,out,marketing,group,automation
0,schedule,automation,marketing,application,media,calendar
0,opt,schedule,summary,group,schedule,calendar
0,status,growth,dental,read,might,out
0,draft,summary,order,interview,dear,social
0,summary,out,email,application,health,out
0,group,forward,get,automation,opt,might
0,order,summary,hacking,name,group,get
0,dear,might,dear,name,read,application
1,get,social,free,easy,paid,free
0,software,might,interview,order,check,interview
0,automation,email,dear,status,interview,email
0,draft,realize,application,dear,schedule,might
0,strategy,get,health,might,marketing,forward
0,graduation,free,application,details,schedule,strategy
0,read,get,health,funding,social,software
0,strategy,group,summary,draft,read,read
0,automation,schedule,schedule,strategy,free,draft
0,might,schedule,schedule,group,archive,easy
0,marketing,status,now,sometimes,strategy,strategy
0,calendar,interview,check,strategy,bucks,now
0,easy,schedule,status,now,sometimes,growth
0,interview,funding,schedule,trial,draft,funding
0,hey,forward,might,get,marketing,hey
0,dear,group,order,software,summary,group
0,automation,realize,forward,archive,schedule,archive
0,email,archive,details,get,interview,easy
0,calendar,easy,health,strategy,name,now
0,free,marketing,email,schedule,email,hey
0,automation,hacking,draft,interview,group,funding
0,marketing,software,realize,interview,archive,email
0,order,schedule,realize,hey,hey,status
0,email,calendar,archive,summary,funding,archive
0,out,out,calendar,automation,out,get
0,group,archive,opt,schedule,summary,realize
0,name,group,draft,trial,graduation,trial
0,health,group,forward,free,social,archive
0,marketing,forward,marketing,archive,group,media
0,check,growth,application,might,archive,name
0,funding,get,out,marketing,forward,email
0,hey,calendar,might,check,graduation,check
0,trial,opt,graduation,now,email,opt
0,email,media,check,funding,calendar,bucks
1,dental,SEO,software,status,growth,health
0,draft,dear,draft,calendar,social,funding
0,health,mental,details,name,easy,social
0,schedule,check,might,marketing,hey,boss
0,forward,dental,free,automation,schedule,opt
1,hacking,dental,realize,group,opt,order
0,sometimes,realize,forward,realize,growth,forward
0,dear,SEO,automation,archive,realize,schedule
0,strategy,act,strategy,bucks,check,archive
0,read,graduation,funding,email,archive,graduation
0,dear,marketing,paid,forward,#NUM!,#NUM!
0,social,draft,name,archive,realize,dear
0,free,might,hacking,dear,now,archive
0,out,group,dear,group,now,summary
0,don't,easy,automation,check,easy,realize
0,summary,easy,email,order,calendar,get
0,strategy,draft,check,forward,forward,get
0,name,forward,graduation,summary,archive,read
0,act,out,social,trial,details,health
0,hey,sometimes,dear,easy,graduation,marketing
0,out,forward,trial,calendar,opt,draft
0,schedule,graduation,bucks,email,dental,opt
0,trial,application,name,draft,might,email
0,schedule,don't,growth,group,dear,growth
0,health,out,application,summary,order,group
0,email,schedule,out,funding,funding,interview
0,act,might,summary,read,email,free
0,health,dear,schedule,calendar,graduation,forward
0,graduation,automation,name,summary,act,funding
0,strategy,easy,forward,trial,out,dental
0,hey,group,get,name,funding,calendar
0,group,realize,interview,realize,sometimes,marketing
0,status,order,strategy,archive,archive,funding
1,dear,opt,details,get,trial,act
0,group,act,funding,forward,realize,act
0,status,marketing,funding,graduation,group,trial
0,forward,draft,schedule,graduation,automation,automation
0,social,bucks,draft,name,calendar,schedule
0,boss,hacking,strategy,automation,get,funding
1,don't,trial,paid,bucks,don't,boss
0,group,realize,free,schedule,forward,media
0,hacking,automation,details,schedule,graduation,group
0,email,email,out,growth,might,now
0,free,funding,free,now,draft,dear
0,archive,graduation,software,email,archive,sometimes
0,act,opt,interview,social,funding,get
0,application,growth,order,hacking,read,media
0,calendar,calendar,archive,get,schedule,marketing
1,health,health,archive,draft,now,profits
1,social,act,free,don't,social,bucks
0,strategy,strategy,out,dear,realize,marketing
0,paid,trial,now,hey,interview,funding
0,realize,check,calendar,order,strategy,automation
0,details,funding,read,group,read,hey
0,social,name,sometimes,forward,details,might
0,schedule,order,calendar,get,mental,draft
0,interview,group,details,get,read,strategy
0,hey,strategy,forward,summary,email,application
1,software,archive,dear,refund,profits,growth
1,refund,hesitate,boss,bucks,archive,profits
1,draft,paid,archive,read,refund,hesitate
0,out,out,forward,forward,sometimes,schedule
0,realize,dear,read,calendar,schedule,easy
0,read,order,schedule,might,calendar,archive
0,group,media,group,application,schedule,might
0,realize,name,don't,forward,name,draft
0,email,check,automation,summary,automation,interview
0,archive,might,marketing,free,hey,sometimes
0,might,schedule,graduation,summary,SEO,schedule
0,hacking,calendar,email,dear,out,status
0,forward,draft,out,graduation,forward,order
0,email,hey,group,social,don't,might
0,check,order,email,hey,marketing,name
0,out,hacking,might,calendar,archive,health
1,software,hacking,group,SEO,order,mental
0,schedule,name,sometimes,read,summary,email
0,easy,profits,archive,get,opt,might
0,marketing,summary,check,funding,interview,schedule
0,opt,name,details,might,graduation,interview
0,email,calendar,group,check,automation,social
0,hacking,growth,summary,social,realize,summary
0,forward,growth,calendar,summary,realize,summary
0,social,sometimes,group,health,might,funding
0,application,hacking,email,easy,summary,strategy
1,strategy,order,now,schedule,strategy,social
0,dear,schedule,application,might,hey,strategy
0,out,sometimes,funding,read,funding,forward
1,SEO,status,SEO,now,act,don't
0,easy,marketing,dental,status,email,act
0,out,group,forward,forward,out,health
0,might,archive,graduation,schedule,dear,forward
0,application,graduation,archive,get,calendar,summary
1,hesitate,software,hacking,growth,act,sometimes
0,group,automation,summary,funding,might,details
0,trial,group,easy,archive,funding,dear
0,hey,dear,read,hacking,draft,group
0,free,easy,health,check,order,funding
0,draft,draft,graduation,automation,draft,free
0,profits,out,name,hacking,social,hey
0,paid,calendar,hacking,out,group,boss
0,status,boss,details,summary,schedule,media
0,media,media,health,application,draft,dear
0,graduation,dear,might,social,graduation,group
0,might,social,schedule,schedule,sometimes,out
0,funding,act,get,easy,order,automation
0,forward,dear,schedule,group,act,draft
0,details,funding,funding,strategy,schedule,strategy
1,software,order,trial,now,status,profits
0,easy,email,forward,group,application,hey
0,draft,application,sometimes,forward,status,archive
0,status,funding,check,group,archive,funding
0,schedule,health,don't,might,interview,graduation
1,health,easy,hacking,social,SEO,get
0,trial,automation,calendar,forward,email,name
1,now,out,growth,dental,profits,get
0,status,hey,act,might,act,forward
0,strategy,schedule,schedule,strategy,archive,opt
0,sometimes,act,health,name,schedule,schedule
0,dental,easy,don't,email,don't,out
0,funding,strategy,check,dear,calendar,group
0,strategy,schedule,summary,summary,might,name
0,out,out,summary,graduation,group,easy
0,act,calendar,trial,#NUM!,#NUM!,#NUM!
0,summary,summary,realize,forward,out,application
0,email,marketing,funding,summary,realize,schedule
0,hey,details,group,check,trial,schedule
0,draft,might,calendar,email,status,out
0,funding,hacking,forward,dear,details,boss
0,health,might,strategy,summary,summary,interview
0,draft,might,graduation,status,automation,archive
0,marketing,forward,marketing,schedule,archive,forward
0,draft,group,group,software,group,might
0,health,summary,read,strategy,marketing,graduation
0,might,graduation,forward,email,might,status
0,order,easy,get,email,out,name
0,easy,summary,email,group,read,summary
0,realize,email,summary,easy,trial,hacking
0,name,social,read,calendar,strategy,get
0,order,funding,archive,calendar,graduation,social
0,read,strategy,name,act,group,funding
0,read,funding,out,schedule,might,name
0,mental,hacking,group,group,forward,marketing
0,might,out,read,archive,check,calendar
0,forward,schedule,hey,automation,realize,#NUM!
0,get,schedule,name,opt,interview,out
0,realize,strategy,hacking,get,status,status
0,interview,graduation,sometimes,easy,trial,group
0,check,easy,check,growth,might,summary
0,graduation,hacking,summary,email,draft,forward
0,forward,group,draft,profits,dental,free
0,act,dear,draft,health,opt,dear
0,out,paid,summary,health,dear,hey
0,realize,strategy,strategy,realize,name,summary
0,application,forward,read,free,out,free
0,hey,might,might,schedule,forward,realize
0,email,out,hey,forward,media,schedule
1,software,don't,hesitate,calendar,details,opt
0,draft,get,easy,hacking,details,calendar
1,boss,SEO,easy,media,details,order
0,graduation,check,draft,might,social,might
0,status,application,out,now,dear,out
0,marketing,hacking,strategy,status,get,summary
0,funding,easy,free,might,group,realize
1,media,strategy,interview,SEO,refund,archive
0,might,hey,funding,calendar,group,graduation
1,growth,act,opt,paid,opt,SEO
0,refund,check,bucks,strategy,marketing,funding
0,interview,free,might,summary,summary,forward
0,calendar,group,free,marketing,hacking,order
0,realize,order,read,automation,read,read
0,interview,easy,automation,calendar,schedule,social
1,opt,act,group,opt,opt,archive
0,forward,out,health,name,draft,funding
1,social,status,SEO,profits,boss,details
0,act,schedule,growth,read,calendar,out
1,status,SEO,get,profits,opt,free
1,get,hacking,growth,SEO,trial,growth
0,trial,realize,read,out,get,realize
0,strategy,email,application,forward,marketing,dental
0,realize,marketing,draft,social,forward,forward
0,graduation,marketing,hey,group,health,sometimes
0,out,schedule,sometimes,strategy,read,free
1,status,order,realize,software,mental,media
0,application,funding,archive,marketing,forward,#NUM!
0,application,might,name,free,realize,out
0,forward,graduation,schedule,forward,funding,forward
0,strategy,automation,strategy,out,might,hacking
0,calendar,application,application,interview,don't,strategy
0,application,might,application,automation,details,draft
0,automation,name,free,interview,graduation,check
0,calendar,might,hacking,read,opt,name
0,hacking,social,out,archive,easy,calendar
0,archive,health,check,group,out,health
1,get,SEO,mental,get,social,schedule
0,out,free,group,graduation,draft,interview
0,application,graduation,summary,automation,now,forward
0,group,group,application,interview,marketing,read
0,summary,name,email,realize,summary,draft
0,marketing,funding,easy,free,automation,interview
1,social,growth,software,free,now,social
0,archive,details,application,forward,dear,automation
0,boss,archive,forward,calendar,funding,name
0,out,software,group,marketing,strategy,application
0,schedule,growth,automation,free,details,group
0,check,easy,hey,graduation,automation,forward
0,check,summary,sometimes,social,order,don't
0,strategy,name,application,don't,calendar,status
0,health,out,schedule,act,bucks,details
0,hey,name,schedule,profits,group,graduation
0,draft,out,draft,order,details,read
0,opt,growth,dear,draft,opt,check
0,application,group,draft,forward,name,name
0,trial,growth,check,strategy,growth,boss
0,order,automation,details,status,name,act
1,refund,boss,trial,interview,act,free
0,application,strategy,archive,out,marketing,forward
0,summary,funding,dear,schedule,email,strategy
0,archive,health,draft,hey,might,health
0,schedule,email,graduation,draft,social,email
0,order,email,read,application,easy,summary
0,check,opt,status,media,funding,realize
0,read,graduation,hacking,strategy,easy,social
0,summary,group,interview,funding,social,calendar
0,archive,don't,details,summary,check,email
0,software,summary,SEO,order,don't,group
0,email,archive,application,details,details,strategy
0,application,check,name,schedule,name,summary
0,automation,growth,dear,draft,read,act
0,group,forward,out,marketing,schedule,dear
0,name,calendar,group,forward,name,hacking
0,draft,hacking,details,forward,out,act
0,forward,group,dear,opt,profits,hey
0,sometimes,growth,marketing,application,out,dear
0,out,automation,software,application,easy,details
0,graduation,dental,dental,interview,out,funding
0,strategy,read,name,strategy,draft,realize
0,automation,archive,media,easy,draft,strategy
0,archive,strategy,group,summary,act,hesitate
0,refund,summary,act,schedule,summary,application
0,realize,dental,summary,realize,marketing,marketing
1,draft,realize,health,realize,trial,boss
0,graduation,funding,graduation,funding,email,read
0,email,automation,dear,application,trial,email
0,status,social,free,group,easy,health
0,easy,group,realize,calendar,group,social
0,funding,opt,dental,marketing,forward,marketing
0,marketing,hacking,sometimes,health,strategy,schedule
0,application,health,funding,read,get,out
0,realize,details,group,email,get,interview
0,get,media,strategy,summary,email,graduation
0,archive,forward,strategy,archive,draft,summary
1,status,hesitate,act,paid,now,media
0,funding,marketing,marketing,details,funding,automation
0,archive,order,act,strategy,marketing,hey
0,boss,funding,details,paid,SEO,marketing
0,marketing,calendar,get,boss,summary,sometimes
1,details,out,profits,strategy,paid,schedule
0,might,might,interview,check,hey,act
1,draft,software,profits,email,software,details
0,name,application,application,get,summary,hey
0,schedule,name,forward,hey,graduation,draft
0,order,dear,easy,graduation,realize,health
0,check,get,calendar,trial,archive,dear
0,application,archive,growth,summary,archive,order
0,check,name,graduation,hesitate,details,draft
0,dear,check,dear,forward,group,funding
0,schedule,schedule,calendar,email,SEO,automation
0,easy,order,strategy,strategy,marketing,software
0,application,health,might,order,name,funding
0,schedule,might,forward,health,get,email
0,trial,archive,archive,marketing,don't,summary
1,health,SEO,software,act,now,opt
0,marketing,act,calendar,dear,draft,forward
0,sometimes,draft,marketing,group,easy,archive
0,application,forward,archive,email,interview,strategy
0,draft,calendar,check,details,check,forward
0,automation,realize,strategy,mental,archive,marketing
0,status,group,strategy,status,summary,hey
1,free,paid,status,media,software,get
0,graduation,health,easy,might,might,check
0,might,read,strategy,read,act,dear
0,dear,email,dear,might,software,marketing
0,realize,forward,boss,read,funding,sometimes
0,hey,draft,sometimes,automation,forward,draft
0,trial,schedule,health,draft,name,opt
1,group,details,refund,profits,automation,now
0,now,social,might,funding,funding,strategy
0,SEO,strategy,out,archive,schedule,automation
0,read,status,status,strategy,realize,summary
0,application,summary,automation,check,schedule,SEO
0,get,strategy,hacking,software,check,profits
0,realize,check,graduation,check,marketing,application
0,get,summary,summary,growth,check,out
0,details,hacking,marketing,name,strategy,details
0,group,application,forward,health,funding,dear
0,read,easy,calendar,check,archive,schedule
1,social,strategy,order,now,archive,profits
0,draft,hey,name,check,trial,realize
0,email,hacking,details,strategy,funding,email
0,group,hesitate,forward,easy,hacking,trial
0,easy,archive,strategy,schedule,now,graduation
0,read,boss,trial,opt,group,forward
0,out,application,funding,out,check,social
0,calendar,application,easy,group,name,free
0,schedule,read,order,growth,get,email
0,email,social,might,forward,marketing,strategy
1,might,trial,don't,status,profits,bucks
0,out,name,name,group,hacking,draft
0,email,out,check,now,don't,media
0,dear,hesitate,read,application,funding,funding
0,growth,get,summary,draft,funding,marketing
0,draft,strategy,might,act,draft,check
0,application,free,boss,get,application,calendar
0,health,dear,growth,strategy,realize,forward
0,status,media,out,marketing,interview,summary
0,schedule,free,software,name,dear,calendar
0,name,profits,social,dear,hey,funding
0,SEO,forward,graduation,SEO,hacking,marketing
1,status,boss,profits,dental,draft,interview
0,forward,application,application,free,status,strategy
0,health,application,sometimes,schedule,name,#NUM!
0,group,strategy,name,out,sometimes,schedule
0,summary,automation,profits,email,application,strategy
0,check,draft,graduation,details,strategy,easy
0,read,read,summary,out,schedule,schedule
0,funding,health,summary,summary,growth,draft
0,social,sometimes,application,opt,draft,calendar
0,media,out,automation,graduation,details,hacking
0,email,schedule,application,hey,dear,interview
0,summary,summary,bucks,summary,graduation,hey
0,summary,archive,graduation,might,marketing,strategy
0,check,calendar,free,schedule,calendar,summary
0,software,social,name,might,out,marketing
0,draft,group,opt,archive,status,status
0,summary,dear,realize,might,forward,read
0,forward,health,health,name,group,schedule
0,check,summary,opt,name,hey,media
0,out,draft,application,strategy,name,status
0,name,get,email,email,archive,#NUM!
0,growth,easy,order,read,graduation,check
1,health,social,mental,realize,hacking,status
0,easy,summary,check,summary,application,social
0,details,order,might,marketing,draft,dear
0,draft,check,automation,hey,might,might
1,growth,health,opt,order,boss,software
0,SEO,automation,check,draft,order,draft
0,profits,read,draft,archive,calendar,dear
0,graduation,forward,hey,software,hacking,draft
1,status,sometimes,boss,refund,details,mental
0,easy,calendar,SEO,interview,dear,sometimes
0,strategy,interview,group,email,group,growth
0,status,easy,calendar,draft,act,summary
0,opt,archive,draft,read,forward,draft
0,summary,order,application,trial,graduation,draft
0,graduation,interview,funding,social,media,hey
0,status,easy,read,might,funding,read
0,dental,marketing,hey,might,calendar,out
0,email,schedule,name,forward,archive,strategy
0,automation,calendar,name,SEO,health,opt
1,group,refund,status,realize,software,hacking
0,read,status,realize,group,social,check
0,interview,out,email,details,out,draft
0,schedule,hacking,schedule,act,group,hey
0,name,archive,forward,marketing,funding,name
1,calendar,easy,now,social,hesitate,growth
0,profits,calendar,email,#NUM!,#NUM!,#NUM!
1,forward,boss,software,software,trial,boss
0,forward,summary,name,out,funding,strategy
0,calendar,automation,read,email,might,marketing
0,schedule,draft,archive,archive,forward,read
0,hey,draft,order,interview,draft,opt
0,might,schedule,draft,schedule,dear,boss
0,sometimes,hacking,might,get,strategy,forward
0,forward,boss,act,software,get,order
0,realize,draft,email,realize,read,interview
0,hey,graduation,name,schedule,profits,email
1,boss,easy,software,dental,trial,now
0,might,get,profits,strategy,strategy,order
0,out,email,strategy,sometimes,schedule,read
0,growth,email,application,draft,act,might
0,details,details,sometimes,summary,out,name
1,automation,opt,now,hesitate,dental,mental
0,marketing,archive,now,email,check,interview
0,graduation,name,graduation,group,interview,name
1,marketing,now,trial,hacking,group,details
0,forward,opt,calendar,details,dental,funding
0,marketing,social,application,name,realize,check
0,forward,sometimes,graduation,order,name,application
0,SEO,out,easy,summary,graduation,group
0,name,bucks,email,interview,dear,boss
0,email,archive,dear,group,easy,boss
0,out,hey,free,archive,easy,trial
1,refund,funding,status,SEO,SEO,don't
0,calendar,archive,health,email,summary,email
0,details,graduation,read,schedule,sometimes,get
0,group,easy,software,details,summary,read
0,read,funding,read,realize,realize,out
0,get,strategy,name,graduation,automation,might
0,group,interview,software,now,graduation,might
0,social,sometimes,might,name,profits,funding
0,get,archive,hacking,social,dear,strategy
0,calendar,status,read,group,SEO,funding
0,check,hey,forward,group,hey,marketing
0,now,read,funding,group,group,draft
0,strategy,health,free,status,calendar,health
0,strategy,easy,sometimes,health,marketing,don't
0,now,might,read,growth,name,social
0,draft,dear,application,name,archive,graduation
1,refund,order,profits,hacking,trial,hacking
0,calendar,read,profits,marketing,growth,get
0,name,forward,summary,status,calendar,automation
1,status,dental,boss,mental,get,strategy
0,summary,read,out,forward,interview,dear
0,funding,order,group,funding,realize,trial
1,SEO,bucks,mental,calendar,interview,strategy
0,forward,realize,marketing,read,email,free
0,trial,dental,name,name,interview,dental
0,hey,read,forward,social,mental,easy
0,email,get,SEO,health,health,forward
0,name,summary,hey,funding,software,application
1,now,hesitate,now,media,paid,marketing
0,schedule,email,draft,now,now,act
0,application,dear,hey,social,realize,graduation
0,social,hey,easy,automation,group,check
0,easy,graduation,email,summary,realize,forward
0,trial,easy,archive,hey,calendar,out
0,email,email,dear,marketing,calendar,group
0,forward,draft,get,application,forward,schedule
0,details,details,funding,graduation,sometimes,funding
0,out,graduation,strategy,easy,name,hey
1,mental,get,easy,social,order,status
0,now,schedule,free,social,free,strategy
1,mental,boss,order,don't,social,social
0,boss,growth,application,calendar,profits,media
0,hacking,read,get,now,details,sometimes
0,marketing,realize,out,dear,hey,health
0,email,free,funding,read,realize,dear
0,realize,forward,marketing,summary,group,schedule
0,name,funding,email,realize,details,media
0,profits,funding,archive,email,forward,email
1,paid,opt,don't,schedule,free,trial
1,boss,schedule,realize,details,software,forward
0,strategy,interview,easy,check,archive,email
0,draft,schedule,get,media,application,calendar
0,graduation,get,health,draft,draft,name
0,forward,opt,easy,automation,health,get
0,application,archive,application,draft,easy,marketing
0,don't,funding,easy,opt,bucks,out
0,easy,sometimes,calendar,hey,draft,summary
0,out,email,strategy,sometimes,out,automation
0,details,calendar,sometimes,status,calendar,sometimes
0,archive,graduation,draft,hey,calendar,dear
1,paid,SEO,growth,trial,paid,get
0,social,marketing,marketing,schedule,calendar,get
0,free,funding,marketing,check,out,free
0,order,group,hacking,group,sometimes,archive
0,dear,schedule,application,interview,schedule,hacking
0,archive,opt,out,name,health,group
0,interview,schedule,health,easy,act,funding
0,check,might,free,opt,profits,order
0,schedule,media,dear,hey,read,act
0,easy,realize,boss,out,details,hey
0,strategy,archive,summary,hesitate,group,email
0,name,might,schedule,draft,get,graduation
0,realize,draft,automation,summary,graduation,name
0,strategy,archive,email,get,funding,realize
0,easy,calendar,funding,sometimes,name,calendar
0,graduation,group,boss,draft,SEO,order
0,free,growth,might,check,email,free
1,strategy,profits,dear,refund,order,social
0,free,order,name,hey,health,get
0,marketing,read,check,hesitate,interview,read
0,archive,growth,media,profits,check,status
0,hey,group,easy,strategy,details,hey
0,easy,email,name,calendar,email,software
0,application,group,email,strategy,media,archive
0,get,summary,realize,group,draft,graduation
0,strategy,summary,application,schedule,calendar,application
0,get,easy,email,realize,easy,strategy
0,graduation,archive,strategy,automation,out,forward
1,now,realize,free,profits,hacking,realize
0,out,easy,summary,funding,summary,group
0,name,funding,draft,marketing,funding,forward
0,free,graduation,funding,summary,now,group
0,details,interview,software,group,automation,calendar
0,graduation,easy,get,profits,read,details
0,funding,don't,application,growth,bucks,read
0,strategy,hey,dear,calendar,out,hey
0,media,social,marketing,out,schedule,email
0,SEO,group,funding,details,funding,profits
1,boss,bucks,profits,SEO,boss,draft
0,interview,software,calendar,funding,dear,marketing
0,hey,email,name,schedule,email,strategy
1,boss,refund,mental,status,dear,realize
0,get,out,funding,hey,check,hey
0,don't,hey,draft,summary,dear,out
0,read,schedule,summary,funding,strategy,details
0,schedule,schedule,hey,summary,archive,application
1,dental,media,software,check,order,out
0,health,schedule,summary,application,status,read
1,social,bucks,dental,trial,status,status
0,easy,archive,social,application,calendar,software
0,marketing,interview,now,order,forward,out
0,social,graduation,realize,graduation,draft,realize
0,interview,application,sometimes,graduation,calendar,get
0,funding,social,bucks,act,easy,summary
0,forward,application,might,funding,schedule,profits
0,dear,draft,forward,archive,application,archive
0,might,order,easy,application,strategy,graduation
0,opt,get,get,profits,calendar,email
0,out,dear,order,draft,group,graduation
1,free,SEO,trial,mental,now,bucks
0,email,marketing,hey,sometimes,group,schedule
0,application,dear,details,marketing,graduation,sometimes
0,funding,strategy,get,forward,don't,graduation
0,draft,order,free,calendar,schedule,details
0,out,archive,automation,strategy,name,archive
1,boss,trial,read,out,refund,strategy
0,trial,name,might,schedule,schedule,application
0,hacking,realize,hey,realize,forward,funding
0,group,forward,archive,hey,get,email
0,name,calendar,get,get,archive,strategy
0,calendar,social,growth,social,order,out
0,summary,funding,draft,graduation,draft,interview
0,archive,read,status,forward,read,boss
0,draft,email,forward,summary,automation,draft
0,boss,marketing,sometimes,media,funding,group
0,opt,group,name,sometimes,might,read
0,opt,easy,act,boss,opt,funding
0,health,calendar,act,graduation,growth,interview
0,name,draft,dental,growth,interview,dental
0,check,check,forward,read,out,don't
0,automation,read,name,don't,get,health
0,marketing,graduation,read,archive,forward,group
0,get,schedule,now,summary,draft,dear
0,archive,out,strategy,check,summary,might
0,software,application,forward,interview,growth,application
0,group,interview,easy,schedule,schedule,profits
0,trial,might,details,hacking,now,archive
0,calendar,name,hey,sometimes,funding,sometimes
0,graduation,draft,now,realize,status,trial
0,email,application,act,status,media,easy
0,interview,dear,details,check,summary,growth
1,hesitate,refund,graduation,act,SEO,order
1,trial,refund,trial,health,status,social
0,easy,group,read,realize,graduation,realize
0,summary,out,get,now,schedule,marketing
0,name,hey,marketing,marketing,automation,forward
1,strategy,forward,refund,health,media,health
0,name,might,group,hacking,archive,realize
0,name,strategy,name,free,schedule,funding
0,graduation,archive,interview,forward,read,dear
0,draft,might,details,draft,opt,summary
0,calendar,marketing,dear,draft,free,might
0,calendar,social,funding,hacking,name,strategy
0,order,strategy,schedule,opt,dear,forward
0,name,group,archive,hacking,calendar,email
0,automation,out,archive,hacking,paid,forward
0,social,free,strategy,draft,easy,now
1,schedule,SEO,schedule,now,opt,dental
0,profits,strategy,summary,funding,name,marketing
0,summary,application,schedule,application,out,draft
0,funding,order,check,dear,dear,interview
0,hacking,summary,out,check,social,draft
0,check,strategy,email,forward,graduation,interview
0,interview,calendar,sometimes,strategy,don't,health
0,sometimes,schedule,name,check,summary,calendar
0,easy,strategy,group,growth,summary,archive
0,group,easy,read,funding,free,email
0,graduation,strategy,application,easy,easy,forward
1,realize,refund,details,status,summary,strategy
0,calendar,interview,draft,funding,act,dear
0,forward,summary,marketing,hey,marketing,out
0,forward,strategy,archive,strategy,summary,check
0,sometimes,group,strategy,schedule,read,marketing
0,graduation,out,boss,order,forward,calendar
0,dear,forward,trial,interview,check,strategy
1,hesitate,growth,refund,act,hesitate,bucks
0,marketing,growth,graduation,email,realize,draft
1,don't,draft,strategy,media,get,dental
0,summary,get,summary,opt,read,summary
0,interview,sometimes,dear,graduation,summary,strategy
0,check,hacking,name,calendar,read,calendar
0,growth,archive,read,schedule,dear,get
0,group,growth,calendar,hacking,email,status
0,summary,media,strategy,calendar,schedule,draft
0,check,dear,group,bucks,strategy,calendar
0,forward,out,marketing,order,health,out
1,bucks,opt,realize,opt,profits,social
0,strategy,order,group,email,sometimes,growth
1,interview,read,archive,now,schedule,software
0,group,now,summary,automation,marketing,group
0,archive,calendar,health,calendar,free,application
0,archive,get,trial,out,read,read
1,don't,paid,opt,SEO,health,schedule
0,realize,archive,don't,hey,name,status
1,archive,details,refund,get,software,trial
1,dental,act,details,automation,SEO,mental
1,now,hacking,group,refund,profits,details
1,refund,hacking,growth,free,software,media
0,schedule,summary,order,name,summary,application
0,out,trial,funding,funding,act,calendar
0,group,realize,out,realize,funding,dear
1,order,health,bucks,media,act,hacking
0,schedule,funding,forward,strategy,out,health
0,graduation,trial,refund,order,schedule,graduation
0,forward,marketing,calendar,group,free,group
0,email,group,hey,email,email,#NUM!
0,out,schedule,dear,details,order,group
0,automation,email,dear,sometimes,archive,now
0,marketing,easy,automation,easy,interview,group
0,email,draft,dear,details,email,forward
0,health,order,draft,hacking,interview,summary
0,schedule,group,details,order,dear,order
0,funding,SEO,software,forward,draft,#NUM!
0,hey,social,funding,email,group,might
0,strategy,automation,dear,forward,might,application
1,status,order,status,don't,details,social
0,marketing,email,summary,order,strategy,automation
0,read,summary,get,order,hey,opt
0,forward,out,email,might,get,email
0,graduation,summary,opt,dear,refund,dear
0,realize,read,hey,schedule,opt,act
0,strategy,read,easy,might,strategy,order
0,group,marketing,read,hey,summary,strategy
1,social,refund,might,trial,hesitate,draft
0,health,calendar,realize,graduation,easy,might
0,automation,realize,graduation,sometimes,funding,order
0,order,free,out,forward,automation,#NUM!
0,sometimes,read,social,opt,email,calendar
1,media,free,trial,boss,software,media
0,name,application,hacking,strategy,dental,graduation
1,draft,get,don't,might,health,trial
1,now,hesitate,group,trial,paid,social
0,health,email,hacking,realize,summary,funding
0,marketing,group,hey,social,application,social
0,forward,easy,draft,out,get,social
0,out,software,might,funding,group,growth
1,opt,forward,opt,dental,realize,paid
0,marketing,graduation,hesitate,summary,name,marketing
0,software,don't,strategy,status,schedule,check
0,health,group,growth,calendar,check,check
1,status,free,order,SEO,trial,status
0,forward,application,summary,funding,read,application
0,realize,email,now,summary,summary,forward
0,dear,calendar,automation,automation,read,strategy
1,order,software,strategy,get,schedule,out
0,hey,forward,automation,details,summary,draft
0,application,out,draft,group,forward,automation
0,check,media,marketing,easy,strategy,interview
0,marketing,draft,forward,application,schedule,email
0,strategy,graduation,order,summary,media,out
0,might,boss,funding,boss,health,application
0,email,hesitate,calendar,trial,summary,details
0,application,group,realize,easy,funding,details
0,strategy,read,email,calendar,get,group
0,free,might,calendar,out,growth,archive
0,interview,dear,strategy,automation,out,automation
0,read,forward,archive,hey,summary,strategy
0,application,social,trial,opt,act,automation
0,don't,funding,now,sometimes,details,easy
0,summary,dear,easy,out,archive,automation
0,summary,might,calendar,calendar,email,free
0,out,group,summary,details,software,funding
0,group,archive,dental,check,order,media
1,realize,hey,status,details,refund,boss
0,group,free,hey,boss,hey,bucks
0,hey,free,graduation,summary,sometimes,status
0,don't,opt,summary,graduation,realize,social
0,easy,free,email,forward,forward,read
1,details,realize,now,dental,don't,software
0,read,profits,out,out,out,forward
0,dental,name,growth,automation,forward,marketing
0,order,group,out,forward,draft,schedule
0,email,might,group,get,might,schedule
0,don't,forward,strategy,name,strategy,read
0,might,realize,archive,group,read,growth
0,name,realize,social,graduation,sometimes,read
1,profits,archive,software,SEO,software,now
0,easy,easy,opt,automation,marketing,trial
0,dear,archive,easy,media,social,archive
0,group,application,email,health,summary,profits
0,social,archive,hey,health,read,get
0,out,schedule,archive,interview,read,profits
0,graduation,marketing,calendar,application,email,growth
0,graduation,draft,schedule,automation,details,growth
0,name,summary,dear,calendar,might,email
0,opt,email,marketing,details,order,automation
0,easy,archive,summary,graduation,easy,details
1,social,out,free,group,social,software
0,group,out,boss,boss,#NUM!,#NUM!
0,graduation,automation,draft,marketing,out,strategy
0,strategy,social,social,email,graduation,calendar
0,details,application,don't,might,automation,easy
0,interview,hey,realize,application,hey,hey
0,archive,forward,name,out,out,calendar
0,hesitate,summary,realize,might,name,don't
0,media,group,check,calendar,dear,archive
0,strategy,email,read,email,trial,health
0,dear,hacking,group,details,name,strategy
0,graduation,hey,group,calendar,group,get
1,trial,status,group,trial,get,act
0,funding,strategy,name,forward,interview,summary
0,graduation,now,don't,easy,out,calendar
0,hey,group,read,sometimes,dear,details
0,group,hacking,group,might,details,read
0,application,hey,easy,act,graduation,funding
0,order,read,hacking,dear,free,funding
0,might,group,growth,dental,get,social
0,strategy,profits,act,trial,profits,hey
0,interview,group,strategy,automation,profits,out
0,schedule,easy,calendar,draft,opt,bucks
0,hey,opt,graduation,hacking,might,trial
0,calendar,calendar,profits,growth,summary,status
0,growth,details,name,growth,name,funding
0,realize,strategy,funding,email,marketing,draft
0,out,hacking,sometimes,calendar,SEO,hey
0,hey,dental,forward,hey,draft,profits
0,schedule,marketing,email,automation,group,calendar
1,trial,trial,schedule,easy,free,details
0,order,get,hey,read,application,might
0,read,details,summary,might,act,archive
0,sometimes,get,don't,marketing,graduation,calendar
0,free,details,draft,draft,marketing,refund
0,out,interview,software,forward,archive,draft
0,application,might,schedule,group,funding,status
0,application,calendar,calendar,sometimes,order,realize
0,marketing,funding,summary,archive,don't,realize
1,out,paid,order,draft,now,hacking
0,archive,strategy,name,social,application,strategy
0,hey,group,archive,get,application,archive
0,hey,archive,draft,application,forward,media
0,interview,schedule,paid,email,schedule,boss
0,read,group,summary,social,dental,calendar
0,marketing,group,funding,forward,archive,strategy
0,dear,opt,don't,graduation,read,group
1,bucks,automation,mental,social,trial,details
0,forward,interview,forward,forward,out,graduation
0,strategy,graduation,draft,health,hacking,details
0,boss,social,social,realize,schedule,opt
0,archive,funding,check,hey,read,draft
0,profits,order,details,automation,archive,might
0,interview,easy,details,interview,summary,status
0,funding,calendar,email,realize,email,read
0,summary,name,archive,out,act,easy
0,status,interview,dear,schedule,now,strategy
0,growth,forward,application,draft,strategy,hey
0,application,don't,read,group,don't,paid
0,graduation,forward,easy,graduation,media,dear
0,application,email,name,now,order,interview
0,might,archive,name,trial,details,draft
0,archive,strategy,forward,interview,interview,boss
0,software,check,interview,name,free,calendar
0,media,might,automation,marketing,calendar,group
1,details,details,now,hesitate,realize,don't
0,media,schedule,graduation,check,group,profits
0,easy,get,easy,application,realize,check
0,email,name,software,health,name,out
0,schedule,free,forward,might,name,growth
0,media,dear,might,email,calendar,graduation
1,social,paid,social,profits,status,paid
0,forward,check,email,read,group,application
0,forward,draft,marketing,growth,realize,group
0,group,out,application,strategy,forward,name
0,marketing,name,application,interview,details,forward
0,schedule,funding,realize,group,calendar,forward
0,sometimes,graduation,forward,graduation,read,get
0,out,draft,might,get,dear,growth
1,bucks,schedule,out,act,SEO,order
0,status,strategy,don't,email,schedule,out
0,health,easy,funding,sometimes,name,read
1,mental,now,social,software,details,free
0,forward,group,realize,calendar,check,media
0,status,group,graduation,media,order,group
0,forward,schedule,forward,funding,marketing,name
0,application,calendar,hey,calendar,hey,schedule
0,group,check,get,schedule,check,sometimes
0,graduation,group,forward,calendar,health,graduation
0,get,growth,status,order,calendar,health
0,strategy,funding,email,read,details,forward
0,draft,details,interview,summary,check,draft
0,order,calendar,draft,forward,hacking,strategy
0,easy,summary,application,read,strategy,sometimes
1,hacking,growth,now,hacking,out,free
0,funding,schedule,application,archive,read,profits
0,check,draft,calendar,read,schedule,strategy
0,funding,realize,get,act,application,realize
0,forward,interview,graduation,email,automation,strategy
0,name,marketing,hesitate,strategy,calendar,calendar
0,name,application,dear,marketing,application,social
0,opt,group,email,marketing,status,archive
0,easy,health,marketing,calendar,software,trial
0,don't,email,get,strategy,growth,interview
0,opt,social,media,archive,email,graduation
0,status,name,hey,forward,marketing,order
0,funding,trial,interview,health,automation,get
0,forward,status,trial,automation,application,hey
0,easy,profits,health,refund,summary,out
0,don't,hesitate,marketing,forward,status,check
0,status,might,read,easy,email,schedule
0,SEO,order,graduation,group,group,hey
0,health,hey,archive,order,draft,schedule
0,email,calendar,status,status,calendar,SEO
0,media,details,hey,group,calendar,email
0,schedule,hey,group,forward,realize,summary
1,boss,health,summary,don't,group,free
0,check,details,growth,application,easy,interview
0,don't,group,media,summary,strategy,hacking
0,funding,draft,growth,strategy,status,summary
0,strategy,email,hacking,email,group,group
0,draft,health,profits,schedule,application,schedule
0,trial,archive,archive,draft,email,email
0,name,forward,name,name,hacking,out
0,sometimes,automation,schedule,health,free,name
0,dental,health,strategy,group,easy,schedule
0,hey,strategy,media,email,marketing,graduation
0,strategy,marketing,marketing,automation,funding,name
0,might,health,software,social,name,funding
0,dear,application,get,schedule,growth,marketing
0,graduation,sometimes,email,calendar,marketing,strategy
0,interview,dear,check,forward,media,boss
0,out,schedule,dear,check,graduation,application
0,forward,group,email,schedule,calendar,interview
0,graduation,trial,easy,group,status,now
1,free,mental,order,trial,order,social
0,forward,calendar,application,group,hacking,dear
0,automation,dear,strategy,funding,media,draft
0,funding,strategy,summary,social,marketing,group
0,opt,email,trial,email,interview,check
0,graduation,check,schedule,don't,email,realize
1,email,paid,order,hacking,opt,act
1,easy,group,health,details,interview,group
0,interview,name,hey,might,calendar,hacking
0,might,interview,out,might,easy,order
1,hacking,refund,SEO,social,social,social
0,now,hey,application,group,graduation,graduation
0,archive,application,forward,dear,automation,archive
0,growth,get,schedule,interview,funding,read
0,details,hey,group,SEO,application,calendar
0,growth,free,read,details,order,marketing
0,realize,archive,funding,dear,forward,group
0,dear,application,email,hey,draft,application
0,out,strategy,profits,hey,dental,calendar
0,strategy,might,check,forward,growth,#NUM!
0,dear,automation,details,graduation,free,email
0,automation,draft,marketing,interview,graduation,automation
0,dear,archive,dear,growth,hey,marketing
0,name,group,calendar,opt,archive,social
0,might,automation,media,strategy,easy,strategy
0,easy,schedule,application,check,strategy,schedule
0,summary,schedule,realize,read,funding,realize
0,health,name,forward,trial,automation,read
